Date,Pair,Theme,Directional_Bias,Strategy_GLD,Contracts_GLD,Strategy_FXF,Contracts_FXF,Signal_ZScore,Signal_Velocity_5D,Corr_90D,GLD_IVR,CHF_VIX_IVR,GLD_VRP,FXF_VRP,DFII10,SNB_Intervention_WoW,Analyst_Reasoning
2025-11-03,CHF_GC,Managed_vs_Unmanaged_Haven,Long GLD / Short FXF,Calendar_Spread,1,Calendar_Spread,1,-1.1500158524548798,-0.39129337457860736,0.38275616288420033,44.66921815199563,11.804853387259863,22.363987906799526,17.37784486616043,1.81,-3257.0,"### 1. Macro Thesis Check

**Primary Thematic Driver:** The primary thematic driver here is the ""Managed vs. Unmanaged Haven"" theme, with a current Z-Score of -1.15 indicating a slight bias towards managed haven status for gold (GLD). However, the SNB Intervention signal is currently inactive (-0.00 Billion WoW change), suggesting that this trade is more about the correlation between the Swiss Franc (CHF) and gold rather than active central bank intervention.

**Reasoning:**
- The Z-Score of -1.15 suggests a managed haven status, implying that investors are seeking protection in gold during times of uncertainty.
- The Regime Type of 0.383 indicates a positive correlation between the CHF and gold, meaning they tend to move together. This supports the idea of a pairs trade where both assets are expected to behave similarly.

### 2. Volatility Regimes

**GLD IV Rank:** 44.7% (Low/Cheap)
- The low IV Rank suggests that GLD is currently undervalued in terms of implied volatility, making it an attractive candidate for buying vega.

**CHF (FXF) IV Rank (VIX Proxy):** 11.8% (Low/Cheap)
- Similarly, the CHF has a very low IV Rank, indicating that it is also undervalued in terms of implied volatility and could be a good candidate for buying vega.

### 3. Strategy Route (Pairs Trade)

Given the managed haven status and the positive correlation between GLD and CHF, along with both assets being cheap in terms of implied volatility, we should focus on strategies that allow us to buy vega while selling premium.

**Routing Logic:**
- **GLD Leg:** Since GLD is undervalued (low IV Rank), it makes sense to buy a strategy that allows us to capture the increase in volatility if gold prices start moving. A `Calendar_Spread` would be ideal as it buys vega over time.
- **FXF Leg:** Similarly, since CHF is also undervalued and correlated with GLD, we should consider a similar strategy. However, given the current low IV Rank, selling premium might not be as effective. Instead, buying vega through a `Calendar_Spread` would be more appropriate.

**Routed Strategies:**
ROUTED_STRATEGY_GLD: Calendar_Spread
ROUTED_STRATEGY_FXF: Calendar_Spread"
