Date,Pair,Theme,Directional_Bias,Strategy_GLD,Contracts_GLD,Strategy_BNO,Contracts_BNO,Signal_ZScore,Signal_Velocity_5D,Corr_90D,GLD_IVR,BNO_IVR,GLD_VRP,BNO_VRP,IPMAN,CPILFESL,Analyst_Reasoning
2025-11-03,BZ_GC,Growth_vs_Haven,Long GLD / Short BNO,Bear_Call_Spread,1,Bull_Put_Spread,1,2.616988612053661,0.039478240490936845,-0.0737477603189818,44.66921815199563,19.800408255840335,22.363987906799526,35.94049520939877,101.0388,330.542,"### 1. Macro Thesis Check

The primary thematic driver in this scenario is **Growth vs. Haven** with a **Long GLD / Short BNO** bias based on the Z-Score of 2.62. This indicates that investors are favoring safe-haven assets over riskier ones, which aligns more closely with a haven-seeking behavior rather than a recession or stagflation signal.

- **Recession Signal:** The `90D Corr` is -0.074, indicating a negative correlation with economic recessions. However, the `Growth Driver (ISM PMI)` at 101.0 suggests strong growth conditions, which contradicts a recessionary environment.
- **Stagflation Signal:** The `Growth Driver (ISM PMI)` is above the critical level of 50, and while inflation (`Core CPI`) is high, it does not align with stagflation as there's no indication of economic contraction.
- **Inflation/Geo Signal:** There isn't a strong signal for an inflationary or geopolitical environment given the current data.

### 2. Volatility Regimes

Both GLD (Gold) and BNO (Oil) are currently in low volatility regimes:
- **GLD IV Rank is 44.7%** (Low/Cheap), indicating that gold options are not overpriced.
- **BNO IV Rank is 19.8%** (Low/Cheap), suggesting oil options are also not overpriced.

The combination of low volatility in both assets is important for a pairs trade because it suggests that the current market conditions might be ripe for a mean reversion strategy, where we expect volatility to increase as markets adjust back to their historical norms. This makes it more likely that the spread between GLD and BNO will move in our favor.

### 3. Strategy Route (Pairs Trade)

Given the thematic bias towards safe-haven assets (GLD) over riskier ones (BNO), along with low volatility, we should consider a strategy that benefits from this environment:

- **For GLD:** Since it is a haven asset and currently in a low-volatility regime, we can use a **Bear_Call_Spread**. This strategy involves selling call options to collect premium while limiting potential losses.
- **For BNO:** Similarly, as oil is considered riskier and also in a low-volatility regime, we can employ a **Bull_Put_Spread**. This strategy involves buying put options to protect against downside risk while collecting premium.

These strategies are well-suited because they allow us to benefit from the expected increase in volatility without taking on excessive risk.

### Conclusion

ROUTED_STRATEGY_GLD: Bear_Call_Spread
ROUTED_STRATEGY_BNO: Bull_Put_Spread"
