Date,Pair,Theme,Target_Asset,Strategy,Contracts_Sized,Signal_ZScore,Signal_Velocity_5D,Corr_90D,GLD_IVR,TLT_IVR,GLD_VRP,TLT_VRP,DFII10,T10YIE,DTWEXBGS,Analyst_Reasoning
2025-11-03,ZB_GC,Sovereign_Risk,GLD,Bull_Put_Spread,1,3.8008894300371567,0.15137354247707258,0.1438794362439156,44.66921815199563,11.804853387259863,22.363987906799526,17.353078007852382,1.81,2.31,121.7715,"### Volatility Regime:
1. **Volatility Regime:** Based on the Implied Volatility (GVZCLS) of 22.66 and the IV Rank (1-Year) at 44.7%, volatility is currently ""Low/Cheap."" The Vol Risk Premium (IV vs HV) being positive at 22.36 indicates that implied volatility is lower than historical volatility, making options relatively cheaper.

   **Explanation:** 
   - A low IV Rank suggests that the current level of implied volatility is below its historical average, which means that options are currently undervalued or ""cheap."" This implies that selling premium (writing options) would be more favorable because you can sell options at a higher price than their intrinsic value.
   - The positive Vol Risk Premium indicates that market participants expect future volatility to increase, making it less attractive to buy vega (long volatility).

### Thematic Regime:
2. **Thematic Regime:** Based on the Signal Strength of 3.80 and the Signal Velocity of 0.15, along with a low correlation regime type of 0.144, the macro theme is currently in a ""Weak Trend"" or possibly a ""Range/Chop.""

   **Explanation:**
   - The high signal strength (Z-Score) of 3.80 indicates that there is significant thematic bias towards sovereign risk, with GLD outperforming TLT.
   - However, the low velocity (5D change) of 0.15 suggests that this trend is not accelerating rapidly, and the correlation regime type being close to zero implies a lack of strong directional movement in the market.
   - Given these factors, it appears that while there is thematic bias, the current environment does not support a strong bullish or bearish trend.

### Strategy Route:
3. **Strategy Route:** Considering both the low volatility regime and the weak thematic trend, the optimal strategy would be to ""Sell Premium"" using a **Bull Put Spread**.

   **Explanation:**
   - The Bull Put Spread is an appropriate choice because it allows you to benefit from selling premium while limiting your risk. Given that implied volatility is currently low and cheap, writing put options can provide a good return.
   - In a weak trend or range environment, the Bull Put Spread offers protection against potential declines in GLD prices without committing significant capital, as the maximum loss is limited by the width of the spread.

### Summary:
- **Volatility Regime:** Volatility is ""Low/Cheap,"" favoring selling premium.
- **Thematic Regime:** The macro theme suggests a weak trend or range, making it less favorable for directional strategies.
- **Optimal Strategy:** Sell a Bull Put Spread to capitalize on the low and cheap volatility while hedging against potential declines in GLD prices."
