Date,Pair,Theme,Target_Asset,Strategy,Contracts_Sized,Signal_ZScore,Signal_Velocity_5D,Corr_90D,VIX_IVR,FXE_VRP,FXF_VRP,EU_Risk_Spread,Inflation_Differential,Analyst_Reasoning
2025-11-03,CHF_EUR,European_Divergence,FXE (via Short EUR),Iron_Condor,1,0.8434458090616115,-0.1403259643129231,0.8981425135826356,11.804853387259863,17.387188172991518,17.37784486616043,86.56666666666695,-129.3388970501701,"### 1. Volatility Regime

**Global Risk Volatility: Low/Cheap**

- **Explanation:**
  - The VIX IV Rank is currently at 11.8%, which places it in the lower quartile of its historical range (0-100%). This indicates that implied volatility is relatively low compared to recent history.
  - A low IV Rank suggests that options are ""cheap,"" meaning they offer better value for risk management or speculative purposes.

**Why this favors selling premium:**
- Selling premium strategies, such as the Bull_Put_Spread and Iron_Condor, can be more profitable when volatility is low because the premiums received from selling options are higher. This provides a favorable environment to capture the time decay (theta) of the sold options.

### 2. Thematic Regime

**Thematic Regime: Correlated Chop**

- **Explanation:**
  - The Signal Strength (Z-Score) is 0.84, which is moderate but not strong.
  - The Regime Type shows a high correlation with the USD (0.898), indicating that the CHF/EUR pair is moving in line with broader market trends rather than diverging significantly.
  - The EU Risk Driver and Policy Driver suggest that there are no significant risk events or policy changes driving the market, leading to a more range-bound environment.

**Why this favors buying vega:**
- Given the moderate signal strength and high correlation, it suggests a ""Chop"" or range-bound market. In such conditions, options with higher Vega (sensitivity to volatility) can be beneficial as they may benefit from any increase in implied volatility, even if the underlying price moves within a narrow range.

### 3. Strategy Route

**Optimal Strategy: Iron_Condor on FXE**

- **Routing Logic:**
  - The VIX IV Rank is low (11.8%), and the market environment suggests a ""Chop"" or range-bound condition.
  - Given the Bearish bias from the macro theme, we need to select a strategy that can benefit from both the low volatility environment and the bearish trend.

**Why this strategy is the best fit:**
- **Iron_Condor on FXE:** This strategy involves selling a bull call spread and buying a put spread at different strike prices. It provides protection against significant price movements while capturing premium from time decay.
  - In a low volatility environment, the Iron_Condor can be profitable as it benefits from both the time decay of sold options and any increase in implied volatility due to market uncertainty or news events.

- **Combining Volatility and Thematic Analysis:**
  - The low IV Rank suggests selling premium strategies are more favorable.
  - The ""Chop"" environment favors a neutral strategy like the Iron_Condor, which can benefit from both time decay and potential increases in volatility without being overly directional.

By combining these analyses, we conclude that an Iron_Condor on FXE is the optimal strategy to leverage the current market conditions."
