2025-10-31,ZB_GC,Sovereign_Risk,GLD,Bull_Put_Spread,1,3.770377243133101,-0.11388181149010235,0.1548267041645625,44.66921815199563,11.804853387259863,22.360861705673805,17.354437430895626,1.82,2.3,121.342,"### 1. Volatility Regime:
- **Volatility Level:** The Implied Volatility (GVZCLS) of 22.66% and the IV Rank of 44.7% indicate that volatility is currently ""Low/Cheap."" This means that the market's expectations for future volatility are relatively low compared to historical levels.
- **Explanation:**
  - A lower IV Rank suggests that GLDâ€™s current implied volatility is below its historical average, making options more attractive as they are not overpriced. 
  - The Volatility Risk Premium (VRP) of 22.36 being positive indicates that the market expects future realized volatility to be higher than current implied volatility, which can make selling premium strategies more favorable.

### 2. Thematic Regime:
- **Thematic Strength:** Based on the Signal Strength (Z-Score) of 3.77 and the Signal Velocity (-0.11), along with a low correlation regime type of 0.155, the macro theme is currently in a ""Weak Trend"" or potentially moving towards a range.
- **Explanation:**
  - The high Z-Score (3.77) indicates that there is significant thematic bias towards GLD, but the negative velocity suggests that this trend might be weakening.
  - A low correlation regime type of 0.155 further supports the idea that we are in a range or choppy market environment where trends may not persist for long.

### 3. Strategy Route:
- **Optimal Strategy:** Given the current ""Low/Cheap"" volatility level and the indication of a weak trend, the optimal strategy would be to sell premium.
- **Explanation:**
  - Selling premium strategies (such as Bull Put Spreads) are more suitable when implied volatility is low and there is no strong directional bias. This allows you to benefit from potential mean reversion in volatility or a continuation of the current range.
  - The Iron Condor, while also selling premium, might be too complex given the weak trend environment and could expose you to significant risk if the market breaks out of its range.

### Conclusion:
- **Recommended Strategy:** Sell a Bull Put Spread on GLD. This strategy is well-suited for a low-volatility environment with no strong directional bias, allowing you to profit from potential volatility mean reversion or continuation of the current range without the complexity of an Iron Condor."
2025-10-31,CHF_EUR,European_Divergence,FXE (via Short EUR),Iron_Condor,1,0.912239526566192,-0.10219827766247791,0.9022492156960698,11.804853387259863,17.385007609444372,17.37696018525737,86.56666666666695,-129.3388970501701,"### 1. Volatility Regime

**Global Risk Volatility: Low/Cheap**

- **Explanation:** The VIX IV Rank is currently at 11.8%, which places it in the bottom 10% of its historical range (considering a 1-year period). This indicates that implied volatility is relatively low compared to recent history, making options ""cheap."" Given this environment, selling premium strategies would be more favorable because you can collect higher premiums for writing options when volatility is low. Selling premium strategies include the Bull_Put_Spread and Bear_Call_Spread.

### 2. Thematic Regime

**Thematic Regime: Correlated Chop**

- **Explanation:** 
  - The Signal Strength (Z-Score) of 0.91 suggests a moderate divergence, but not a strong one.
  - The Regime Type (90D Correlation) at 0.902 indicates that the CHF/EUR pair is highly correlated with USD movements, which means there isn't a clear trend or divergence.
  - The EU Risk Driver (BTP-Bund spread) of 86.57 bps and Policy Driver (Inflation Difference) of -129.34% suggest that the market is not showing strong directional bias but rather a mix of factors that are keeping the pair in a range.

### 3. Strategy Route

**Optimal Strategy: Iron_Condor on FXE**

- **Explanation:** 
  - Given the low implied volatility (VIX IV Rank at 11.8%) and the correlated chop environment, it is best to use a neutral strategy that can benefit from both time decay and limited risk.
  - The Iron_Condor is an appropriate choice because:
    - It provides protection against large moves in either direction while still allowing for premium collection.
    - In a range-bound market, the Iron_Condor can generate income through theta (time decay) without being overly exposed to directional movements.

- **Routing Logic:**
  - Since the IV Rank is low (<50), and there isn't a strong trend or divergence, using a neutral strategy like the Iron_Condor aligns well with the current market conditions.
  - The Bearish bias on FXE (via Short EUR) can be incorporated into this strategy by structuring it to benefit from potential bearish moves while still maintaining a balanced approach.

### Summary

1. **Volatility Regime:** Global risk volatility is ""Low/Cheap,"" favoring selling premium strategies due to the current low implied volatility.
2. **Thematic Regime:** The macro theme suggests a ""Correlated Chop"" environment, indicating a range-bound market with no strong directional bias.
3. **Strategy Route:** Given these conditions, the optimal strategy is an Iron_Condor on FXE, which can benefit from time decay and limited risk in a choppy market while aligning with the bearish bias on EUR.

This approach ensures that you are well-positioned to capitalize on the current market dynamics without taking on excessive directional risk."
2025-10-31,CHF_GC,Managed_vs_Unmanaged_Haven,Long GLD / Short FXF,No_Trade,0,No_Trade,0,-1.060506479363939,-0.08972237792878568,0.39121930133866745,44.66921815199563,11.804853387259863,22.360861705673805,17.37696018525737,1.82,-3257.0,"1. **Macro Thesis Check:** The primary thematic driver is the managed vs. unmanaged haven status of the Swiss Franc (CHF) and Gold. There has been no significant SNB intervention as indicated by the `SNB Intervention` signal being -0.00 Billion, which does not meet the threshold for active intervention.

2. **Volatility Regimes:** 
   - **GLD (Gold):** The IV Rank is 44.7%, indicating it is relatively cheap.
   - **FXF (CHF via VIX Proxy):** The IV Rank is 11.8%, also indicating it is cheap.

3. **Strategy Route (Pairs Trade):**
   - Given the low volatility in both GLD and FXF, we are in a regime where both assets are considered cheap but not overpriced. This suggests that there might be more room for appreciation as volatility normalizes.
   - Since the macro theme does not strongly favor one asset over the other (no significant SNB intervention), we should focus on leveraging the low volatility to our advantage.

**ROUTED_STRATEGY_GLD: Calendar_Spread**
**ROUTED_STRATEGY_FXF: Calendar_Spread**

Explanation:
- **GLD Leg:** Buying a `Calendar_Spread` allows us to benefit from potential increases in GLD's price while also capturing time decay, which is favorable given the low IV Rank.
- **FXF Leg:** Similarly, selling a `Bear_Call_Spread` on FXF would be less attractive due to its high IV Rank. Instead, we opt for a `Calendar_Spread` on FXF to benefit from potential appreciation and time decay.

This strategy balances our exposure between both assets while leveraging the current low volatility environment."
2025-10-31,CHF_GC,Managed_vs_Unmanaged_Haven,Long GLD / Short FXF,No_Trade,0,No_Trade,0,-1.0605066263056337,-0.08972236553174806,0.391219301338667,44.66921815199563,11.804853387259863,22.360861705673805,17.37696018525737,1.82,-3257.0,"1. **Macro Thesis Check:** The primary thematic driver is the managed vs. unmanaged haven status of the Swiss Franc (CHF) and gold. There has been no significant SNB intervention as indicated by the `SNB Intervention` signal being zero billion.

2. **Volatility Regimes:**
    - **GLD (Gold):** IV Rank is 44.7% (Low/Cheap).
    - **FXF (CHF via VIX Proxy):** IV Rank is 11.8% (Low/Cheap).

3. **Strategy Route (Pairs Trade):**
    Given the low volatility in both GLD and FXF, we are in a regime where both assets are considered cheap or undervalued. This suggests that there might be more room for price appreciation as volatility normalizes.

    - **GLD:** Since IV Rank is 44.7% (Low/Cheap), this indicates that gold is currently undervalued and could see an increase in value if volatility picks up.
        * **Route:** ""Buy a `Calendar_Spread on GLD` to benefit from the expected increase in volatility as the asset becomes more expensive.""
    - **FXF:** Similarly, with IV Rank at 11.8% (Low/Cheap), the Swiss Franc is also undervalued and could appreciate if volatility increases.
        * **Route:** ""Buy a `Calendar_Spread on FXF` to capitalize on the potential increase in value as the currency becomes more expensive.""

**ROUTED_STRATEGY_GLD: Calendar_Spread**
**ROUTED_STRATEGY_FXF: Calendar_Spread**"
2025-10-31,CHF_GC,Managed_vs_Unmanaged_Haven,Long GLD / Short FXF,Calendar_Spread,1,Calendar_Spread,1,-1.0605066263056337,-0.08972236553174806,0.391219301338667,44.66921815199563,11.804853387259863,22.360861705673805,17.37696018525737,1.82,-3257.0,"1. **Macro Thesis Check:** The primary thematic driver is the managed vs. unmanaged haven status of the Swiss Franc (CHF) and gold. There has been no significant SNB intervention as indicated by the `SNB Intervention` signal being zero billion.

2. **Volatility Regimes:**
    - **GLD (Gold):** IV Rank is 44.7% (Low/Cheap).
    - **FXF (CHF via VIX Proxy):** IV Rank is 11.8% (Low/Cheap).

3. **Strategy Route (Pairs Trade):**
    Given the low volatility in both GLD and FXF, we are in a regime where both assets are considered cheap or undervalued. This suggests that there might be more room for price appreciation as volatility normalizes.

    - **GLD:** Since IV Rank is 44.7% (Low/Cheap), this indicates that gold is currently undervalued and could see an increase in value if volatility picks up.
        * **Route:** ""Buy a `Calendar_Spread on GLD` to benefit from the expected increase in volatility as the asset becomes more expensive.""
    - **FXF:** Similarly, with IV Rank at 11.8% (Low/Cheap), the Swiss Franc is also undervalued and could appreciate if volatility increases.
        * **Route:** ""Buy a `Calendar_Spread on FXF` to capitalize on the potential increase in value as the currency becomes more expensive.""

**ROUTED_STRATEGY_GLD: Calendar_Spread**
**ROUTED_STRATEGY_FXF: Calendar_Spread**"
2025-10-31,BZ_GC,Growth_vs_Haven,Long GLD / Short BNO,Diagonal_Spread,1,Diagonal_Spread,1,2.6351181549478886,-0.14291363591821016,-0.07197517561389107,44.66921815199563,19.800408255840335,22.360861705673805,35.94071546229226,101.0388,330.542,"1. **Macro Thesis Check:** The primary thematic driver based on the Z-Score and 90D Correlation is a **Long GLD / Short BNO** theme due to the negative correlation and strong growth signal.

2. **Volatility Regimes:** 
    - **GLD (Gold):** IV Rank is 44.7%, indicating low volatility.
    - **BNO (Oil):** IV Rank is 19.8%, also indicating low volatility.

3. **Strategy Route (Pairs Trade):**
    - Given the low volatility in both GLD and BNO, we should consider strategies that benefit from a stable environment with potential for moderate price movements.
    - Since the thematic bias suggests a Long GLD / Short BNO position, and considering the low IV Rank for both assets, a **Diagonal_Spread** is appropriate to capture potential vega (volatility) play.

**Routing Logic:**
- For GLD (Gold), with a Low Volatility Regime, we recommend a **Diagonal_Spread on GLD**.
- For BNO (Oil), with a Low Volatility Regime, we also recommend a **Diagonal_Spread on BNO**.

**Conclusion:**
ROUTED_STRATEGY_GLD: Diagonal_Spread
ROUTED_STRATEGY_BNO: Diagonal_Spread"
2025-10-31,BZ_GC,Growth_vs_Haven,Long GLD / Short BNO,Bear_Call_Spread,1,Bull_Put_Spread,1,2.6351181549478886,-0.14291363591821016,-0.07197517561389107,44.66921815199563,19.800408255840335,22.360861705673805,35.94071546229226,101.0388,330.542,"### 1. Macro Thesis Check

**Primary Thematic Driver:** The primary thematic driver in this scenario is **Growth vs. Haven**, as indicated by the Z-Score of 2.64 and the Growth Driver (ISM PMI) at 101.0, which is above the critical level of 50. This suggests a strong growth environment.

**Recession Signal:** The `90D Corr` value of -0.072 does not indicate a recession signal since it is negative but very close to zero. 

**Stagflation Signal:** There is no indication of stagflation as the ISM PMI is well above 50, and there are no high inflation drivers.

**Inflation/Geo Signal:** The `90D Corr` value does not suggest an inflation or geo signal either. Given these factors, the current thematic bias based on the Z-Score is **Long GLD / Short BNO**, favoring a haven asset (Gold) over commodity exposure (Oil).

### 2. Volatility Regimes

**GLD (Gold):**
- IV Rank: 44.7% (Low/Cheap)
- VRP: 22.36 (Positive = ""Expensive"")

**BNO (Oil):**
- IV Rank: 19.8% (Low/Cheap)
- VRP: 35.94 (Positive = ""Expensive"")

**Importance for Pairs Trade:** The low implied volatility (IV) and positive VRP values suggest that both GLD and BNO are currently undervalued or cheap in terms of their options pricing. This combination is important because it indicates a potential for increased volatility, which can benefit from strategies that capitalize on price movements.

### 3. Strategy Route (Pairs Trade)

**GLD Leg:**
- **Strategy:** Bear_Call_Spread
- **Logic:** Given the growth environment and the haven asset bias, GLD should be positioned to profit from any pullback in gold prices due to increased demand for safe-haven assets during market volatility.

**BNO Leg:**
- **Strategy:** Bull_Put_Spread
- **Logic:** BNO is expected to perform poorly in a growth environment. By selling put options on BNO, we can benefit from an increase in oil prices or a decrease in its price due to the overall positive sentiment towards commodities and energy.

### Conclusion

ROUTED_STRATEGY_GLD: Bear_Call_Spread
ROUTED_STRATEGY_BNO: Bull_Put_Spread"
